Rank,Participant ID,Full Name,Phone,Email,State,Score (/50),Percentage (%),Time Taken (Seconds),Time Taken (MM:SS),Status,Started At (IST),Submitted At (IST),Award
"1","TKFK26-810934","Fathima Ashique","9562500313","fathimaramshid8@gmail.com","Kerala","50","100.0%","236","3m 56s","SUBMITTED","4/10/2026, 7:25:11 pm","4/10/2026, 7:29:07 pm","FIRST PRIZE WINNER (₹9,999)"
"2","TKFK26-536605","FASAL RAHMAN P","9633753763","fasalptvd@gmail.com","Kerala","50","100.0%","241","4m 1s","SUBMITTED","4/10/2026, 7:25:36 pm","4/10/2026, 7:29:37 pm","Top 3 Distinction"
"3","TKFK26-227888","Rifash kizhisseri","6282613232","aflahk313@gmail.com","Kerala","50","100.0%","256","4m 16s","SUBMITTED","4/10/2026, 4:35:20 pm","4/10/2026, 4:39:36 pm","Top 3 Distinction"
"4","TKFK26-516234","Muhammed Aflah k","6238022422","rifashkizhisseri@gmail.com","Kerala","50","100.0%","280","4m 40s","SUBMITTED","4/10/2026, 7:47:28 pm","4/10/2026, 7:52:08 pm","Top 10 Merit"
"5","TKFK26-539061","AYISHA RAFA T P","9946408060","ayisharafa99@gmail.com","Kerala","50","100.0%","283","4m 43s","SUBMITTED","4/10/2026, 7:31:48 pm","4/10/2026, 7:36:32 pm","Top 10 Merit"
"6","TKFK26-510149","Muhammad Hafeef","9605790876","afimk876@gmail.com","Kerala","50","100.0%","295","4m 55s","SUBMITTED","4/10/2026, 7:26:18 pm","4/10/2026, 7:31:14 pm","Top 10 Merit"
"7","TKFK26-918545","Muhammed habeeb","9947282142","muhammedhabeeb657@gmail.com","Kerala","50","100.0%","533","8m 53s","SUBMITTED","4/10/2026, 7:30:00 pm","4/10/2026, 7:38:52 pm","Top 10 Merit"
"8","TKFK26-554745","Muhammed Munawar Vp","8606867720","munawarparavanna720@gmail.com","Kerala","49","98.0%","341","5m 41s","SUBMITTED","4/10/2026, 5:37:52 pm","4/10/2026, 5:43:33 pm","Top 10 Merit"
"9","TKFK26-106511","Muhammad nashath","7736023064","mhdnashath.149@gmail.com","Karnataka","49","98.0%","371","6m 11s","SUBMITTED","4/10/2026, 7:48:19 pm","4/10/2026, 7:54:30 pm","Top 10 Merit"
"10","TKFK26-913906","Hashim U","9980037366","hashimunique1370@gmail.com","Karnataka","49","98.0%","418","6m 58s","SUBMITTED","4/10/2026, 5:20:15 pm","4/10/2026, 5:27:13 pm","Top 10 Merit"
"11","TKFK26-715335","Anshiba. M","7025969803","anshibam2000@gmail.com","Kerala","49","98.0%","459","7m 39s","SUBMITTED","4/10/2026, 7:25:12 pm","4/10/2026, 7:32:50 pm","Certificate of Merit"
"12","TKFK26-884644","Muhammad anas","9663763086","anasannu512@gmail.com","Karnataka","49","98.0%","490","8m 10s","SUBMITTED","4/10/2026, 7:27:09 pm","4/10/2026, 7:35:19 pm","Certificate of Merit"
"13","TKFK26-343409","Bazil Aboobacker B C","9747432289","bluerosebs@gmail.com","Kerala","49","98.0%","655","10m 55s","SUBMITTED","4/10/2026, 7:27:53 pm","4/10/2026, 7:38:48 pm","Certificate of Merit"
"14","TKFK26-772260","Rishan Alathiyur","6235600688","maazeezkph@gmail.com","Kerala","48","96.0%","365","6m 5s","SUBMITTED","4/10/2026, 7:44:08 pm","4/10/2026, 7:50:13 pm","Certificate of Merit"
"15","TKFK26-470330","Hadhir Hameed KN","8113087972","hadhirhameedkn@gmail.com","Kerala","48","96.0%","383","6m 23s","SUBMITTED","4/10/2026, 7:34:13 pm","4/10/2026, 7:40:35 pm","Certificate of Merit"
"16","TKFK26-157788","Anas k","8593096368","anasmhdanas221138@gmail.com","Kerala","47","94.0%","376","6m 16s","SUBMITTED","4/10/2026, 5:47:59 pm","4/10/2026, 5:54:15 pm","Certificate of Merit"
"17","TKFK26-835601","Miqdad Ali","6282557559","mkdmikku97@gmail.com","Kerala","47","94.0%","670","11m 10s","SUBMITTED","4/10/2026, 7:30:04 pm","4/10/2026, 7:41:14 pm","Certificate of Merit"
"18","TKFK26-729150","Ramjan Ali","9707684764","ramjanali4490@gmail.com","Assam","46","92.0%","258","4m 18s","SUBMITTED","4/10/2026, 7:27:40 pm","4/10/2026, 7:31:57 pm","Certificate of Merit"
"19","TKFK26-712457","Mohammed thwahir hassan","6238116245","itsmemufeeda5@gmail.com","Kerala","46","92.0%","350","5m 50s","SUBMITTED","4/10/2026, 4:35:48 pm","4/10/2026, 4:41:38 pm","Certificate of Merit"
"20","TKFK26-457323","Muhammed Sadique","7909106265","muhammedsadique22577@gmail.com","Kerala","45","90.0%","381","6m 21s","SUBMITTED","4/10/2026, 5:50:11 pm","4/10/2026, 5:56:32 pm","Certificate of Merit"
"21","TKFK26-949133","Muhammed shibl","9061894716","muhammedshiblkp4543@gmail.com","Kerala","45","90.0%","541","9m 1s","SUBMITTED","4/10/2026, 5:59:16 pm","4/10/2026, 6:08:17 pm","Certificate of Merit"
"22","TKFK26-528369","Ibrahim Badisha","8590522910","badishaibrahim094@gmail.com","Kerala","45","90.0%","672","11m 12s","SUBMITTED","4/10/2026, 5:23:37 pm","4/10/2026, 5:34:49 pm","Certificate of Merit"
"23","TKFK26-998889","Shaimah","9745265890","shahanaparveen350@gmail.com","Kerala","44","88.0%","300","5m 0s","SUBMITTED","4/10/2026, 5:05:17 pm","4/10/2026, 5:10:17 pm","Certificate of Merit"
"24","TKFK26-614236","Rizwana shaheed","7012607388","rizwanariz052@gmail.com","Kerala","44","88.0%","422","7m 2s","SUBMITTED","4/10/2026, 4:40:30 pm","4/10/2026, 4:47:32 pm","Certificate of Merit"
"25","TKFK26-135580","RISHAN PP","9947930013","minhajmt999@gmail.com","Kerala","44","88.0%","853","14m 13s","SUBMITTED","4/10/2026, 5:17:56 pm","4/10/2026, 5:32:09 pm","Certificate of Merit"
"26","TKFK26-517533","Mufliha K","7510654552","muflihamusthafa777@gmail.com","Kerala","42","84.0%","735","12m 15s","SUBMITTED","4/10/2026, 5:18:40 pm","4/10/2026, 5:30:56 pm","Certificate of Merit"
"27","TKFK26-476039","ABDUL BASITH. K","8943984940","muhdsabah142@gmail.com","Kerala","41","82.0%","420","7m 0s","SUBMITTED","4/10/2026, 7:37:22 pm","4/10/2026, 7:44:22 pm","Certificate of Merit"
"28","TKFK26-857996","Jasna M","8921940848","jinujasna786@gmail.com","Kerala","41","82.0%","735","12m 15s","SUBMITTED","4/10/2026, 5:26:02 pm","4/10/2026, 5:38:17 pm","Certificate of Merit"
"29","TKFK26-527164","Muhammed Jishad A K","8136884990","nhichbh@gmail.com","Kerala","40","80.0%","717","11m 57s","SUBMITTED","4/10/2026, 5:38:39 pm","4/10/2026, 5:50:36 pm","Certificate of Merit"
"30","TKFK26-940388","Muhammed Umar Ateeque","8668671988","mominumar462@gmail.com","Kerala","39","78.0%","419","6m 59s","SUBMITTED","4/10/2026, 4:27:28 pm","4/10/2026, 4:34:27 pm","Certificate of Merit"
"31","TKFK26-180939","Ayshath Rabeea. AM","9061058001","ayshathrabeea8001@gmail.com","Kerala","39","78.0%","780","13m 0s","SUBMITTED","4/10/2026, 7:43:45 pm","4/10/2026, 7:56:46 pm","Certificate of Merit"
"32","TKFK26-514226","BYEZID ALI","6003290066","byezidali741@gmail.com","Assam","37","74.0%","660","11m 0s","SUBMITTED","4/10/2026, 7:48:19 pm","4/10/2026, 7:59:19 pm","Certificate of Merit"
"33","TKFK26-998840","Kadeejath Jamseela C H","8111897876","anchujesi@gmail.com","Kerala","26","52.0%","578","9m 38s","SUBMITTED","4/10/2026, 7:29:26 pm","4/10/2026, 7:39:04 pm","Certificate of Merit"
"34","TKFK26-336147","SUBAIDA P","9207024971","subaidapulimala@gmail.com","Kerala","22","44.0%","667","11m 7s","SUBMITTED","4/10/2026, 8:03:04 pm","4/10/2026, 8:14:11 pm","Certificate of Merit"
"35","TKFK26-562462","Adon Tommy","9037791107","adontom11@gmail.com","Kerala","16","32.0%","438","7m 18s","SUBMITTED","4/10/2026, 5:35:41 pm","4/10/2026, 5:42:59 pm","Certificate of Merit"
"36","TKFK26-296559","Fathimathul shaja pp","9567233806","kannurmuhamed5@gmail.com","Kerala","16","32.0%","438","7m 18s","SUBMITTED","4/10/2026, 7:35:09 pm","4/10/2026, 7:42:27 pm","Certificate of Merit"
"37","TKFK26-914694","Fahim anwar","7994925717","fahimap1234@gmail.com","Kerala","9","18.0%","70","1m 10s","SUBMITTED","4/10/2026, 5:33:59 pm","4/10/2026, 5:35:09 pm","Certificate of Merit"
"38","TKFK26-951610","Muhammed mikdad","8197151893","mikkumikdadm@gmail.com","Karnataka","0","0.0%","1500","25m 0s","EXPIRED","4/10/2026, 4:55:33 pm","4/10/2026, 5:20:33 pm","Not Attempted"
"39","TKFK26-878266","Abdul aman.r","9847513564","zakirhusain815380@gmail.com","Kerala","0","0%","N/A","N/A","NOT_ATTEMPTED","N/A","N/A","Not Attempted"
"40","TKFK26-834579","Abdul Nafih","9446077613","sahadtemp077@gmail.com","Kerala","0","0%","N/A","N/A","NOT_ATTEMPTED","N/A","N/A","Not Attempted"
"41","TKFK26-171802","Abdulsalam","6238469394","abdulsalamkallungal15@gmail.com","Kerala","0","0%","N/A","N/A","NOT_ATTEMPTED","N/A","N/A","Not Attempted"
"42","N/A","Abu yazeed Bisthami","6238039204","abuyazeedbisthamiwayanad@gmail.com","Kerala","0","0%","N/A","N/A","NOT_ATTEMPTED","N/A","N/A","Not Attempted"
"43","N/A","adFSGHJK","5473265325","zxcbn@gmail.com","Madhya Pradesh","0","0%","N/A","N/A","NOT_ATTEMPTED","N/A","N/A","Not Attempted"
"44","TKFK26-223304","Afzal  wafy","8089723667","nazerafsal765@gmail.com","Kerala","0","0%","N/A","N/A","NOT_ATTEMPTED","N/A","N/A","Not Attempted"
"45","N/A","Ahammad Sinan","8590445527","ahammadsinank535ask@gmail.com","Kerala","0","0%","N/A","N/A","NOT_ATTEMPTED","N/A","N/A","Not Attempted"
"46","TKFK26-371033","Ahmad Ameen","7025624207","ahmadameenuu@gmail.com","Kerala","0","0%","N/A","N/A","NOT_ATTEMPTED","N/A","N/A","Not Attempted"
"47","TKFK26-649383","Ahmed Ismail","9322735970","alishaikh2010510@gmail.com","Kerala","0","0%","N/A","N/A","NOT_ATTEMPTED","N/A","N/A","Not Attempted"
"48","TKFK26-345185","ALOOF AP","7510345002","hashimmuhammed7510@gmail.com","Kerala","0","0%","N/A","N/A","NOT_ATTEMPTED","N/A","N/A","Not Attempted"
"49","N/A","Anas M","8089706130","anasmappu8130@gmail.com","Kerala","0","0%","N/A","N/A","NOT_ATTEMPTED","N/A","N/A","Not Attempted"
"50","N/A","ANSAR KP","8606786847","kpansarmpm786@gmail.com","Kerala","0","0%","N/A","N/A","NOT_ATTEMPTED","N/A","N/A","Not Attempted"
"51","N/A","Anwar sadhath","6238607734","anwarsadhath50@gmail.com","Kerala","0","0%","N/A","N/A","NOT_ATTEMPTED","N/A","N/A","Not Attempted"
"52","N/A","asd","6546646464","sdsds@gmacc.cp","Nagaland","0","0%","N/A","N/A","NOT_ATTEMPTED","N/A","N/A","Not Attempted"
"53","N/A","Asna N","9995617306","soudhashani@gmail.com","Kerala","0","0%","N/A","N/A","NOT_ATTEMPTED","N/A","N/A","Not Attempted"
"54","TKFK26-679027","Athira Udayakumar","9846908286","athiraudayakumar11@gmail.com","Kerala","0","0%","N/A","N/A","NOT_ATTEMPTED","N/A","N/A","Not Attempted"
"55","N/A","Ayisha Hanan","8590263827","ayishahanan001@gmail.com","Kerala","0","0%","N/A","N/A","NOT_ATTEMPTED","N/A","N/A","Not Attempted"
"56","N/A","Ayisha laiba","7594851100","fathimathsuhara718@gmail.com","Kerala","0","0%","N/A","N/A","NOT_ATTEMPTED","N/A","N/A","Not Attempted"
"57","TKFK26-975059","Ayshath Thahira","9746534698","majeedmajji02@gmail.com","Kerala","0","0%","N/A","N/A","NOT_ATTEMPTED","N/A","N/A","Not Attempted"
"58","N/A","BEEMA ASHARAF","8590128292","beeammalu18as@gmail.com","Kerala","0","0%","N/A","N/A","NOT_ATTEMPTED","N/A","N/A","Not Attempted"
"59","N/A","F. Althaf Asharaf EP","9645491449","althaf689695@gmail.com","Kerala","0","0%","N/A","N/A","NOT_ATTEMPTED","N/A","N/A","Not Attempted"
"60","N/A","Fasal","7510359757","fasal786@gmail.com","Kerala","0","0%","N/A","N/A","NOT_ATTEMPTED","N/A","N/A","Not Attempted"
"61","TKFK26-733156","Faseela M K","9207272175","faseelafinu02@gmail.com","Kerala","0","0%","N/A","N/A","NOT_ATTEMPTED","N/A","N/A","Not Attempted"
"62","TKFK26-603764","Fathima Shaheema","7025804436","shaheemabash1@gmail.com","Kerala","0","0%","N/A","N/A","NOT_ATTEMPTED","N/A","N/A","Not Attempted"
"63","N/A","Fathimathul Fasna","9605516505","abdulfathah765@gmail.com","Kerala","0","0%","N/A","N/A","NOT_ATTEMPTED","N/A","N/A","Not Attempted"
"64","TKFK26-268346","Gayathri Akhil","9496677508","gayathriakhil96@gmail.com","Kerala","0","0%","N/A","N/A","NOT_ATTEMPTED","N/A","N/A","Not Attempted"
"65","N/A","Gulam Rabbani","8603219183","gulamrabbani1216@gmail.com","Jharkhand","0","0%","N/A","N/A","NOT_ATTEMPTED","N/A","N/A","Not Attempted"
"66","N/A","Hasanath Fest'26","9544916858","hasanathfest26@gmail.com","Assam","0","0%","N/A","N/A","NOT_ATTEMPTED","N/A","N/A","Not Attempted"
"67","N/A","Hashem Ali","9126051131","robinrohit123149@gmail.com","Assam","0","0%","N/A","N/A","NOT_ATTEMPTED","N/A","N/A","Not Attempted"
"68","N/A","Inzamamul Hoque AHMED","9101033571","inzamamulhoquea@gmail.com","Assam","0","0%","N/A","N/A","NOT_ATTEMPTED","N/A","N/A","Not Attempted"
"69","N/A","Jahana jabir","8592007301","tojahanasherin@gmail.com","Kerala","0","0%","N/A","N/A","NOT_ATTEMPTED","N/A","N/A","Not Attempted"
"70","N/A","jhh","7787878787","jjbknnbkkn@gmail.com","Nagaland","0","0%","N/A","N/A","NOT_ATTEMPTED","N/A","N/A","Not Attempted"
"71","N/A","Juduieie","2222222222","ejeieie@gmail.com","Goa","0","0%","N/A","N/A","NOT_ATTEMPTED","N/A","N/A","Not Attempted"
"72","TKFK26-817098","JUNAID","7558043553","kunjjon007@gmail.com","Kerala","0","0%","N/A","N/A","NOT_ATTEMPTED","N/A","N/A","Not Attempted"
"73","N/A","Kshetra R. Krishnan","6238752069","swapnareji14@gmail.com","Kerala","0","0%","N/A","N/A","NOT_ATTEMPTED","N/A","N/A","Not Attempted"
"74","N/A","Maruwan.s","9746006009","maruwanshaji06@gmail.com","Kerala","0","0%","N/A","N/A","NOT_ATTEMPTED","N/A","N/A","Not Attempted"
"75","N/A","Midhun","9847881778","midhun7654344@gmail.com","Kerala","0","0%","N/A","N/A","NOT_ATTEMPTED","N/A","N/A","Not Attempted"
"76","TKFK26-102315","Mohammad Aadil S K","9633196654","latheef.gg@gmail.com","Kerala","0","0%","N/A","N/A","NOT_ATTEMPTED","N/A","N/A","Not Attempted"
"77","TKFK26-192628","Mohammed Rafi Haq","9352998367","mohammedrafi8367@gmail.com","Kerala","0","0%","N/A","N/A","NOT_ATTEMPTED","N/A","N/A","Not Attempted"
"78","N/A","Mohammed Shuhaib M","9645184118","mohdshuhaib357@gmail.com","Kerala","0","0%","N/A","N/A","NOT_ATTEMPTED","N/A","N/A","Not Attempted"
"79","N/A","Mohammedadil","9744945584","mohammedadil12311@gmail.com","Kerala","0","0%","N/A","N/A","NOT_ATTEMPTED","N/A","N/A","Not Attempted"
"80","N/A","Muhammad Nufail","8921853585","nufail040@gmail.com","Kerala","0","0%","N/A","N/A","NOT_ATTEMPTED","N/A","N/A","Not Attempted"
"81","TKFK26-707431","Muhammad shahinsha","8921476714","sharbank126@gmail.com","Kerala","0","0%","N/A","N/A","NOT_ATTEMPTED","N/A","N/A","Not Attempted"
"82","N/A","Muhammad Shahl","7892302736","sahlkalladka323@gmail.com","Karnataka","0","0%","N/A","N/A","NOT_ATTEMPTED","N/A","N/A","Not Attempted"
"83","TKFK26-746740","Muhammad Sinan","9446242264","muhammadsinank46@gmail.com","Kerala","0","0%","N/A","N/A","NOT_ATTEMPTED","N/A","N/A","Not Attempted"
"84","TKFK26-465798","muhammad umais","7907141844","umaismuhammed297@gmail.com","Kerala","0","0%","N/A","N/A","NOT_ATTEMPTED","N/A","N/A","Not Attempted"
"85","TKFK26-182814","Muhammed anas vm","8138077586","anasvm409@gmail.com","Kerala","0","0%","N/A","N/A","NOT_ATTEMPTED","N/A","N/A","Not Attempted"
"86","TKFK26-542564","Muhammed Asad","8590287334","asadmaniyoor@gmail.com","Kerala","0","0%","N/A","N/A","NOT_ATTEMPTED","N/A","N/A","Not Attempted"
"87","N/A","Muhammed Asad","8560287334","aaadsr@gmail.com","Kerala","0","0%","N/A","N/A","NOT_ATTEMPTED","N/A","N/A","Not Attempted"
"88","TKFK26-900062","MUHAMMED ASLAM","9747372112","ashiq5023@gmail.com","Kerala","0","0%","N/A","N/A","NOT_ATTEMPTED","N/A","N/A","Not Attempted"
"89","N/A","Muhammed Baheej K.A","7511125374","baheeeeeee@gmail.com","Kerala","0","0%","N/A","N/A","NOT_ATTEMPTED","N/A","N/A","Not Attempted"
"90","TKFK26-170116","Muhammed Mahamood","7994102440","muhammedparad0485@gmail.com","Kerala","0","0%","N/A","N/A","NOT_ATTEMPTED","N/A","N/A","Not Attempted"
"91","TKFK26-680020","MUHAMMED RAFI E","7306382462","afthahashraf1@gmail.com","Kerala","0","0%","N/A","N/A","NOT_ATTEMPTED","N/A","N/A","Not Attempted"
"92","N/A","Muhammed Shahaz","9633936670","muhammedshahaz15@gmail.com","Kerala","0","0%","N/A","N/A","NOT_ATTEMPTED","N/A","N/A","Not Attempted"
"93","N/A","Muhammed Shahid","6290478714","shahshahidsuri@gmail.com","Bihar","0","0%","N/A","N/A","NOT_ATTEMPTED","N/A","N/A","Not Attempted"
"94","TKFK26-544046","MUHAMMED SWALIH K","6238781368","muhammadswalihk786@gmail.com","Kerala","0","0%","N/A","N/A","NOT_ATTEMPTED","N/A","N/A","Not Attempted"
"95","N/A","Najiya kc","9072926204","najiusman08@gmail.com","Kerala","0","0%","N/A","N/A","NOT_ATTEMPTED","N/A","N/A","Not Attempted"
"96","N/A","Nawa fathima","8547584110","raheenapanoly@gmail.com","Kerala","0","0%","N/A","N/A","NOT_ATTEMPTED","N/A","N/A","Not Attempted"
"97","TKFK26-225133","Nidhafathima","9061461714","ssaleemsaleem825@gmail.com","Kerala","0","0%","N/A","N/A","NOT_ATTEMPTED","N/A","N/A","Not Attempted"
"98","TKFK26-161790","Niza Fathima","8304059211","nkanachery@gmail.com","Kerala","0","0%","N/A","N/A","NOT_ATTEMPTED","N/A","N/A","Not Attempted"
"99","N/A","sadsdas","7888566843","asda@fam.cp","Nagaland","0","0%","N/A","N/A","NOT_ATTEMPTED","N/A","N/A","Not Attempted"
"100","N/A","Safa Mariyam","6238928552","safa.o.2mariyam@gmail.com","Kerala","0","0%","N/A","N/A","NOT_ATTEMPTED","N/A","N/A","Not Attempted"
"101","TKFK26-780273","Safna","9497716099","safnatc123@gmail.com","Kerala","0","0%","N/A","N/A","NOT_ATTEMPTED","N/A","N/A","Not Attempted"
"102","N/A","Sahla Haneef","9746720147","sahlahaneef4@gmail.com","Kerala","0","0%","N/A","N/A","NOT_ATTEMPTED","N/A","N/A","Not Attempted"
"103","N/A","Salahdhueen Salahdhueen","9400484082","ssalahdhueen@gmail.com","Kerala","0","0%","N/A","N/A","NOT_ATTEMPTED","N/A","N/A","Not Attempted"
"104","N/A","Salih Thillenkery","8590175206","salihthillenkery@gmail.com","Kerala","0","0%","N/A","N/A","NOT_ATTEMPTED","N/A","N/A","Not Attempted"
"105","N/A","SANGAMESH","8904639347","sangu@gmail.com","Karnataka","0","0%","N/A","N/A","NOT_ATTEMPTED","N/A","N/A","Not Attempted"
"106","N/A","Shafeequrrahman","8174082220","justshafeeque@gmail.com","Kerala","0","0%","N/A","N/A","NOT_ATTEMPTED","N/A","N/A","Not Attempted"
"107","N/A","Shahna sherin ek","8921711685","ummuhibaek@gmail.com","Kerala","0","0%","N/A","N/A","NOT_ATTEMPTED","N/A","N/A","Not Attempted"
"108","N/A","Sreenadh S","8714714668","nikhilbharathan626@gmail.com","Kerala","0","0%","N/A","N/A","NOT_ATTEMPTED","N/A","N/A","Not Attempted"
"109","TKFK26-716018","Sreenu s","9995824171","manulal999582@gmail.com","Kerala","0","0%","N/A","N/A","NOT_ATTEMPTED","N/A","N/A","Not Attempted"
"110","N/A","Suhail Kaniyala","8156953136","suhailkaniyala22@gmail.com","Kerala","0","0%","N/A","N/A","NOT_ATTEMPTED","N/A","N/A","Not Attempted"
"111","N/A","Swaliha Jabeen B","9995268394","jabinbangalath@gmail.com","Kerala","0","0%","N/A","N/A","NOT_ATTEMPTED","N/A","N/A","Not Attempted"
"112","TKFK26-388812","Vivek Jaimon","9745498871","nirmalajaimon@gmail.com","Kerala","0","0%","N/A","N/A","NOT_ATTEMPTED","N/A","N/A","Not Attempted"
"113","N/A","Wuu4","2820043910","duu@ymqi.com","Chhattisgarh","0","0%","N/A","N/A","NOT_ATTEMPTED","N/A","N/A","Not Attempted"
"114","TKFK26-589280","മുഹമ്മദ് ഷാഫി","9947951667","mshafikt9@gmail.com","Kerala","0","0%","N/A","N/A","NOT_ATTEMPTED","N/A","N/A","Not Attempted"