Participant ID,Full Name,Scoring Language,Original Score,Valid Correct (/47),Normalized Score (/50),Original Total Time (s),Q5 Time (s),Q17 Time (s),Q20 Time (s),Adjusted Time (s),Final Rank,Rank Change
"TKFK26-227888","Rifash kizhisseri","Malayalam","50","47","50.00","256","1","3","7","245","4","Same"
"TKFK26-554745","Muhammed Munawar Vp","Malayalam","49","47","50.00","341","7","9","19","306","8","Same"
"TKFK26-157788","Anas k","Malayalam","47","46","48.94","376","9","14","17","336","14","Same"
"TKFK26-913906","Hashim U","Malayalam","49","46","48.94","418","5","5","5","403","15","Same"
"TKFK26-712457","Mohammed thwahir hassan","Malayalam","46","45","47.87","350","5","14","9","322","18","Same"
"TKFK26-457323","Muhammed Sadique","Malayalam","45","45","47.87","381","20","17","9","335","19","Same"
"TKFK26-998889","Shaimah","Malayalam","44","44","46.81","300","0","7","9","284","21","Same"
"TKFK26-614236","Rizwana shaheed","Malayalam","44","44","46.81","422","10","18","12","382","22","Same"
"TKFK26-528369","Ibrahim Badisha","Malayalam","45","43","45.74","672","24","27","17","604","24","Same"
"TKFK26-949133","Muhammed shibl","Malayalam","45","42","44.68","541","11","14","12","504","26","Same"
"TKFK26-135580","RISHAN PP","Malayalam","44","42","44.68","853","14","19","19","801","27","Same"
"TKFK26-857996","Jasna M","Malayalam","41","41","43.62","735","18","25","28","664","29","+1 (Up)"
"TKFK26-517533","Mufliha K","Malayalam","42","41","43.62","735","23","9","17","686","30","-1 (Down)"
"TKFK26-527164","Muhammed Jishad A K","Malayalam","40","40","42.55","717","15","15","11","676","31","Same"
"TKFK26-940388","Muhammed Umar Ateeque","Malayalam","39","36","38.30","419","4","7","11","397","34","Same"
"TKFK26-562462","Adon Tommy","Malayalam","16","14","14.89","438","11","11","1","415","39","Same"
"TKFK26-914694","Fahim anwar","Malayalam","9","8","8.51","70","2","2","0","66","40","Same"
"TKFK26-951610","Muhammed mikdad","Malayalam","0","0","0.00","1500","0","0","0","1500","41","Same"